<?xml version = "1.0" encoding = "utf-8" ?> 
<component name = "RowListItem" extends = "Group" >
  <script type="text/brightscript" uri="row_list_item.brs" />
 
  <interface > 
    <field id = "itemContent" type = "node" onChange = "showcontent"/>
    <field id = "focusPercent" type = "float" onChange = "showfocus"/> 
    <field id = "rowFocusPercent" type = "float" onChange = "showrowfocus"/>
  </interface>

  <children >

    <Poster 
      id = "itemPoster" 
      translation = "[ 100, 50 ]" 
      width = "300" 
      height = "300" 
      scaleRotateCenter = "[ 256.0, 144.0 ]" >

      <Rectangle 
        id = "itemMask" 
        color = "0x000000FF" 
        opacity = "0.75" 
        width = "400" 
        height = "400" 
        scaleRotateCenter = "[ 256.0, 144.0 ]"/>

    </Poster>

    <Label 
      id = "itemLabel" 
      translation = "[ 100, 400 ]" 
      horizAlign = "left"
      wrap = "true" 
      width = "300"
      height = "400" 
      opacity = "0.0"/>

  </children>

</component>